{
    "accuracy": 0.9016393442622951,
    "precision": 0.8285714285714286,
    "recall": 1.0,
    "auc": 0.9515086206896551
}